[
  {
    "value": "Delhi",
    "synonyms": [
      "Delhi",
      "new delhi"
    ]
  },
  {
    "value": "Maharashtra",
    "synonyms": [
      "maharashtra",
      "maharastra",
      "mh",
      "maha"
    ]
  },
  {
    "value": "Tamil Nadu",
    "synonyms": [
      "Tamil Nadu",
      "TN",
      "tamil"
    ]
  },
  {
    "value": "Rajasthan",
    "synonyms": [
      "Rajasthan",
      "RJ"
    ]
  },
  {
    "value": "Madhya Pradesh",
    "synonyms": [
      "Madhya Pradesh",
      "MP"
    ]
  },
  {
    "value": "Telangana",
    "synonyms": [
      "Telangana"
    ]
  },
  {
    "value": "Gujarat",
    "synonyms": [
      "Gujrat",
      "gj",
      "Gujarat"
    ]
  },
  {
    "value": "Uttar Pradesh",
    "synonyms": [
      "Uttar Pradesh",
      "UP",
      "up",
      "u.p.",
      "U.P."
    ]
  },
  {
    "value": "Andhra Pradesh",
    "synonyms": [
      "Andhra Pradesh",
      "AP",
      "ap",
      "a.p.",
      "A.P."
    ]
  },
  {
    "value": "Kerala",
    "synonyms": [
      "Kerala",
      "kl"
    ]
  },
  {
    "value": "Jammu and Kashmir",
    "synonyms": [
      "Jammu and Kashmir",
      "J\u0026K",
      "JK",
      "jk"
    ]
  },
  {
    "value": "Karnataka",
    "synonyms": [
      "Karnataka",
      "kr"
    ]
  },
  {
    "value": "Haryana",
    "synonyms": [
      "Haryana",
      "HR",
      "hr"
    ]
  },
  {
    "value": "Punjab",
    "synonyms": [
      "Punjab",
      "PB",
      "pb"
    ]
  },
  {
    "value": "West Bengal",
    "synonyms": [
      "West Bengal",
      "bengal",
      "wb"
    ]
  },
  {
    "value": "Bihar",
    "synonyms": [
      "Bihar",
      "bh",
      "bi"
    ]
  },
  {
    "value": "Odisha",
    "synonyms": [
      "Odisha",
      "orissa",
      "or",
      "orisa",
      "odisa"
    ]
  },
  {
    "value": "Uttarakhand",
    "synonyms": [
      "Uttarakhand",
      "Ut",
      "utarakhand"
    ]
  },
  {
    "value": "Himachal Pradesh",
    "synonyms": [
      "Himachal Pradesh",
      "HP",
      "hp"
    ]
  },
  {
    "value": "Assam",
    "synonyms": [
      "Assam",
      "Asam"
    ]
  },
  {
    "value": "Chattisgarh",
    "synonyms": [
      "Chattisgarh"
    ]
  },
  {
    "value": "Chandigarh",
    "synonyms": [
      "Chandigarh",
      "CH"
    ]
  },
  {
    "value": "Jharkhand",
    "synonyms": [
      "Jharkhand",
      "jh"
    ]
  },
  {
    "value": "Ladakh",
    "synonyms": [
      "Ladakh",
      "ladhakh"
    ]
  },
  {
    "value": "Andaman and Nicobar Islands",
    "synonyms": [
      "Andaman and Nicobar Islands",
      "andaman",
      "nicobar",
      "andaman nicobar"
    ]
  },
  {
    "value": "Goa",
    "synonyms": [
      "Goa",
      "GA",
      "ga"
    ]
  },
  {
    "value": "Puducherry",
    "synonyms": [
      "Puducherry",
      "Pondicherry",
      "Pd"
    ]
  },
  {
    "value": "Manipur",
    "synonyms": [
      "Manipur"
    ]
  },
  {
    "value": "Tripura",
    "synonyms": [
      "Tripura"
    ]
  },
  {
    "value": "Arunachal Pradesh",
    "synonyms": [
      "Arunachal Pradesh",
      "Arunachal"
    ]
  },
  {
    "value": "Dadra and Nagar Haveli",
    "synonyms": [
      "Dadra and Nagar Haveli",
      "Dadra"
    ]
  },
  {
    "value": "Mizoram",
    "synonyms": [
      "Mizoram"
    ]
  }
]