[
  {
    "id": "5c956ac3-4d3c-46e2-959a-2083f54a3aac",
    "data": [
      {
        "text": "what can go corona do?",
        "userDefined": false
      }
    ],
    "isTemplate": false,
    "count": 0,
    "updated": 0
  },
  {
    "id": "e02d00e6-3446-4a2a-b1fd-ea0825a8bcf0",
    "data": [
      {
        "text": "what can Go Corona assistant do?",
        "userDefined": false
      }
    ],
    "isTemplate": false,
    "count": 0,
    "updated": 0
  },
  {
    "id": "d5695770-b51f-469a-97e2-ddde75f885a8",
    "data": [
      {
        "text": "how can you help me?",
        "userDefined": false
      }
    ],
    "isTemplate": false,
    "count": 0,
    "updated": 0
  },
  {
    "id": "6d631bcb-b2f0-4fb0-b8bd-506eb4d21cf9",
    "data": [
      {
        "text": "what are your intents?",
        "userDefined": false
      }
    ],
    "isTemplate": false,
    "count": 0,
    "updated": 0
  },
  {
    "id": "4122b9cd-532f-411e-babd-b0eb0aeea154",
    "data": [
      {
        "text": "what are you capable of?",
        "userDefined": false
      }
    ],
    "isTemplate": false,
    "count": 0,
    "updated": 0
  },
  {
    "id": "8465d013-cb52-4146-8a63-4c2a43562996",
    "data": [
      {
        "text": "what do you know?",
        "userDefined": false
      }
    ],
    "isTemplate": false,
    "count": 1,
    "updated": 0
  },
  {
    "id": "32f56323-264a-4f61-8f5d-d2cb5f7a78e0",
    "data": [
      {
        "text": "what can you help me with?",
        "userDefined": false
      }
    ],
    "isTemplate": false,
    "count": 0,
    "updated": 0
  },
  {
    "id": "e541e36c-8584-4a14-a0dd-5df758d547f1",
    "data": [
      {
        "text": "What can you do?",
        "userDefined": false
      }
    ],
    "isTemplate": false,
    "count": 0,
    "updated": 0
  }
]