[
  {
    "id": "efa8ca56-1f3c-4183-b002-3781bb57aaf7",
    "data": [
      {
        "text": "emergency contact",
        "userDefined": false
      }
    ],
    "isTemplate": false,
    "count": 0,
    "updated": 0
  },
  {
    "id": "fa4ce575-015c-4cc9-b60d-190d511cd955",
    "data": [
      {
        "text": "whom to contact in case of emergency",
        "userDefined": false
      }
    ],
    "isTemplate": false,
    "count": 0,
    "updated": 0
  },
  {
    "id": "a6b9c214-1146-4deb-8c60-053608e7e2de",
    "data": [
      {
        "text": "contact information",
        "userDefined": false
      }
    ],
    "isTemplate": false,
    "count": 0,
    "updated": 0
  },
  {
    "id": "20f2ba08-3f02-4ca9-a9ec-47a720e3af3b",
    "data": [
      {
        "text": "i have corona",
        "userDefined": false
      }
    ],
    "isTemplate": false,
    "count": 0,
    "updated": 0
  },
  {
    "id": "695ee2a0-9273-4c10-bdce-c2222877622e",
    "data": [
      {
        "text": "i want to test myself",
        "userDefined": false
      }
    ],
    "isTemplate": false,
    "count": 0,
    "updated": 0
  },
  {
    "id": "e49041fc-ba38-42ee-8d11-3b1349756928",
    "data": [
      {
        "text": "what can i do if i have symptoms?",
        "userDefined": false
      }
    ],
    "isTemplate": false,
    "count": 0,
    "updated": 0
  },
  {
    "id": "311be7ce-5535-4314-a725-b03a96a49e3c",
    "data": [
      {
        "text": "what to do if i think i have corona",
        "userDefined": false
      }
    ],
    "isTemplate": false,
    "count": 0,
    "updated": 0
  },
  {
    "id": "7afefa81-c96b-490a-b500-1d96d90b984d",
    "data": [
      {
        "text": "who to contact?",
        "userDefined": false
      }
    ],
    "isTemplate": false,
    "count": 0,
    "updated": 0
  }
]