[
  {
    "id": "f7e34899-49e5-460e-8aad-0b419c8c381e",
    "data": [
      {
        "text": "who developed Go corona?",
        "userDefined": false
      }
    ],
    "isTemplate": false,
    "count": 0,
    "updated": 0
  },
  {
    "id": "40919a54-a8b8-4c8e-84a9-0201f6afd767",
    "data": [
      {
        "text": "who developed Go corona assistant?",
        "userDefined": false
      }
    ],
    "isTemplate": false,
    "count": 0,
    "updated": 0
  },
  {
    "id": "b579bc46-245c-45ba-afd5-7f9212719b60",
    "data": [
      {
        "text": "who created Go Corona?",
        "userDefined": false
      }
    ],
    "isTemplate": false,
    "count": 0,
    "updated": 0
  },
  {
    "id": "886a3782-9ff3-450e-8b34-ed5cd80bb8e9",
    "data": [
      {
        "text": "developer of this bot?",
        "userDefined": false
      }
    ],
    "isTemplate": false,
    "count": 0,
    "updated": 0
  },
  {
    "id": "0549360f-d830-401f-a0ec-5fbde33648c9",
    "data": [
      {
        "text": "who is your boss?",
        "userDefined": false
      }
    ],
    "isTemplate": false,
    "count": 0,
    "updated": 0
  },
  {
    "id": "d68b4379-c69b-4376-ad92-d71368222fda",
    "data": [
      {
        "text": "who is your author?",
        "userDefined": false
      }
    ],
    "isTemplate": false,
    "count": 0,
    "updated": 0
  },
  {
    "id": "767a15c5-d30e-4aa4-9721-9fb1cb7a3d55",
    "data": [
      {
        "text": "who is your developer?",
        "userDefined": false
      }
    ],
    "isTemplate": false,
    "count": 0,
    "updated": 0
  },
  {
    "id": "0f49a6eb-f514-47b5-92e7-948fef7ba98b",
    "data": [
      {
        "text": "who created you?",
        "userDefined": false
      }
    ],
    "isTemplate": false,
    "count": 0,
    "updated": 0
  },
  {
    "id": "9469ea73-13fe-48b4-beb9-d5f8296ac9e2",
    "data": [
      {
        "text": "Who is your creator?",
        "userDefined": false
      }
    ],
    "isTemplate": false,
    "count": 0,
    "updated": 0
  }
]