[
  {
    "id": "d8900111-fa2c-41bf-98ca-2bd94222f9a9",
    "data": [
      {
        "text": "should i be worried about corona?",
        "userDefined": false
      }
    ],
    "isTemplate": false,
    "count": 0,
    "updated": 0
  },
  {
    "id": "44c3dcf4-bcb2-48ac-9b60-a476bb174ef2",
    "data": [
      {
        "text": "what is mortality rate of corona virus?",
        "userDefined": false
      }
    ],
    "isTemplate": false,
    "count": 0,
    "updated": 0
  },
  {
    "id": "9a6eb7bd-8213-480b-b7ce-de3063ae0573",
    "data": [
      {
        "text": "is corona dangerous",
        "userDefined": false
      }
    ],
    "isTemplate": false,
    "count": 0,
    "updated": 0
  },
  {
    "id": "88f3cd16-6396-44ec-b982-0ed433a0ca0d",
    "data": [
      {
        "text": "is corona deadly?",
        "userDefined": false
      }
    ],
    "isTemplate": false,
    "count": 0,
    "updated": 0
  },
  {
    "id": "94c3198d-1486-4c28-9ca1-28e5e4a2894c",
    "data": [
      {
        "text": "why is corona so deadly?",
        "userDefined": false
      }
    ],
    "isTemplate": false,
    "count": 0,
    "updated": 0
  },
  {
    "id": "4daaa99f-5ea8-49ac-a59b-d5b18946c9dd",
    "data": [
      {
        "text": "Why is corona virus so dangerous",
        "userDefined": false
      }
    ],
    "isTemplate": false,
    "count": 0,
    "updated": 0
  }
]