[
  {
    "id": "5f63fd5f-22fa-41c0-a4c3-ad705089bfc9",
    "data": [
      {
        "text": "hospital numbers in ",
        "userDefined": false
      },
      {
        "text": "india",
        "meta": "@sys.ignore",
        "userDefined": false
      }
    ],
    "isTemplate": false,
    "count": 0,
    "updated": 0
  },
  {
    "id": "f3ade202-e135-4ec9-bc57-b54c13e61023",
    "data": [
      {
        "text": "how many beds in ",
        "userDefined": false
      },
      {
        "text": "india",
        "meta": "@sys.ignore",
        "userDefined": false
      }
    ],
    "isTemplate": false,
    "count": 0,
    "updated": 0
  },
  {
    "id": "a8d2d048-344f-4543-bea5-559546f83d8d",
    "data": [
      {
        "text": "how many corona beds india have",
        "userDefined": false
      }
    ],
    "isTemplate": false,
    "count": 0,
    "updated": 0
  },
  {
    "id": "bd4ba2f3-9bd8-448c-9757-ce11b896ddb5",
    "data": [
      {
        "text": "how many hospitals ",
        "userDefined": false
      },
      {
        "text": "or",
        "meta": "@sys.ignore",
        "userDefined": false
      },
      {
        "text": " beds we have",
        "userDefined": false
      }
    ],
    "isTemplate": false,
    "count": 0,
    "updated": 0
  },
  {
    "id": "2aab2b65-83b5-43d0-9366-67794214404b",
    "data": [
      {
        "text": "hospitals in ",
        "userDefined": false
      },
      {
        "text": "india",
        "meta": "@sys.ignore",
        "userDefined": false
      }
    ],
    "isTemplate": false,
    "count": 0,
    "updated": 0
  },
  {
    "id": "4c200b02-5b0f-4a5f-b50f-f2cb72d28bcf",
    "data": [
      {
        "text": "how many hospitals are there in ",
        "userDefined": false
      },
      {
        "text": "India",
        "meta": "@sys.ignore",
        "userDefined": false
      }
    ],
    "isTemplate": false,
    "count": 0,
    "updated": 0
  },
  {
    "id": "94e8b751-fe74-4cfd-aefc-4ccca2b79a78",
    "data": [
      {
        "text": "How many hospitals are there?",
        "userDefined": false
      }
    ],
    "isTemplate": false,
    "count": 0,
    "updated": 0
  }
]