[
  {
    "id": "765a984b-df0a-4cbf-a160-a54d1ba69d97",
    "data": [
      {
        "text": "emergency contact of ",
        "userDefined": false
      },
      {
        "text": "haryana",
        "alias": "indian_states",
        "meta": "@Indian_states",
        "userDefined": false
      }
    ],
    "isTemplate": false,
    "count": 0,
    "updated": 0
  },
  {
    "id": "a5806da9-79b3-4097-bf67-843e27a7af5b",
    "data": [
      {
        "text": "corona emergency contact for ",
        "userDefined": false
      },
      {
        "text": "haryana",
        "alias": "indian_states",
        "meta": "@Indian_states",
        "userDefined": false
      }
    ],
    "isTemplate": false,
    "count": 0,
    "updated": 0
  },
  {
    "id": "a709a32f-b8a9-47bc-b936-d0665827e4f0",
    "data": [
      {
        "text": "contact number of authorities in ",
        "userDefined": false
      },
      {
        "text": "haryana",
        "alias": "indian_states",
        "meta": "@Indian_states",
        "userDefined": false
      }
    ],
    "isTemplate": false,
    "count": 0,
    "updated": 0
  },
  {
    "id": "cdbd2891-e8d2-4d2d-9157-1f39b30d522b",
    "data": [
      {
        "text": "helpline number for ",
        "userDefined": false
      },
      {
        "text": "haryana",
        "alias": "indian_states",
        "meta": "@Indian_states",
        "userDefined": false
      }
    ],
    "isTemplate": false,
    "count": 0,
    "updated": 0
  },
  {
    "id": "714faba9-0426-468c-9f41-01c526e911ea",
    "data": [
      {
        "text": "corona helpline for ",
        "userDefined": false
      },
      {
        "text": "haryana",
        "alias": "indian_states",
        "meta": "@Indian_states",
        "userDefined": false
      }
    ],
    "isTemplate": false,
    "count": 0,
    "updated": 0
  },
  {
    "id": "049dce74-2103-4012-b23d-06e4b49db675",
    "data": [
      {
        "text": "haryana",
        "alias": "indian_states",
        "meta": "@Indian_states",
        "userDefined": false
      },
      {
        "text": " contact for corona",
        "userDefined": false
      }
    ],
    "isTemplate": false,
    "count": 0,
    "updated": 0
  },
  {
    "id": "006bb8ad-bf29-4b0e-9f3c-79eb11634c3e",
    "data": [
      {
        "text": "haryana",
        "alias": "indian_states",
        "meta": "@Indian_states",
        "userDefined": false
      },
      {
        "text": " covid helpline",
        "userDefined": false
      }
    ],
    "isTemplate": false,
    "count": 0,
    "updated": 0
  },
  {
    "id": "84f34c9b-a749-409c-b829-52f4b0d30d6d",
    "data": [
      {
        "text": "covid helpline number of ",
        "userDefined": false
      },
      {
        "text": "haryana",
        "alias": "indian_states",
        "meta": "@Indian_states",
        "userDefined": false
      }
    ],
    "isTemplate": false,
    "count": 0,
    "updated": 0
  },
  {
    "id": "517305d1-6227-4aac-9297-b67f66e9efe5",
    "data": [
      {
        "text": "whom should i contact in ",
        "userDefined": false
      },
      {
        "text": "Haryana",
        "alias": "indian_states",
        "meta": "@Indian_states",
        "userDefined": false
      }
    ],
    "isTemplate": false,
    "count": 0,
    "updated": 0
  },
  {
    "id": "ae69d10c-44f3-424f-9c08-bce43296d48f",
    "data": [
      {
        "text": "show me helpline number of ",
        "userDefined": false
      },
      {
        "text": "Haryana",
        "alias": "indian_states",
        "meta": "@Indian_states",
        "userDefined": false
      }
    ],
    "isTemplate": false,
    "count": 0,
    "updated": 0
  }
]