[
  {
    "id": "7d097d44-19e2-47c7-a1c5-ce265bad4692",
    "data": [
      {
        "text": "is this data correct?",
        "userDefined": false
      }
    ],
    "isTemplate": false,
    "count": 0,
    "updated": 0
  },
  {
    "id": "1b5214ad-3480-4486-a3aa-f42f6a1f2da0",
    "data": [
      {
        "text": "is this real data",
        "userDefined": false
      }
    ],
    "isTemplate": false,
    "count": 0,
    "updated": 0
  },
  {
    "id": "cdbde9d0-6475-436e-ad12-425d7b315771",
    "data": [
      {
        "text": "is this data authentic",
        "userDefined": false
      }
    ],
    "isTemplate": false,
    "count": 0,
    "updated": 0
  },
  {
    "id": "62f94ae4-b14a-4b39-8ed2-40f47a290121",
    "data": [
      {
        "text": "where is this data coming from",
        "userDefined": false
      }
    ],
    "isTemplate": false,
    "count": 0,
    "updated": 0
  },
  {
    "id": "4ce7edb8-201a-4e5f-9be0-845eae844b7a",
    "data": [
      {
        "text": "source of information",
        "userDefined": false
      }
    ],
    "isTemplate": false,
    "count": 0,
    "updated": 0
  },
  {
    "id": "eeab74bd-30b6-4614-9619-14df7ef60c8f",
    "data": [
      {
        "text": "source of info",
        "userDefined": false
      }
    ],
    "isTemplate": false,
    "count": 0,
    "updated": 0
  },
  {
    "id": "8db48983-5944-4b95-8ae6-4f05ede99780",
    "data": [
      {
        "text": "what is the source of this information",
        "userDefined": false
      }
    ],
    "isTemplate": false,
    "count": 0,
    "updated": 0
  },
  {
    "id": "57802fff-3557-4af9-b6b2-adc52a1993dd",
    "data": [
      {
        "text": "What is the source of your information",
        "userDefined": false
      }
    ],
    "isTemplate": false,
    "count": 0,
    "updated": 0
  }
]