[
  {
    "id": "19f86b35-5aca-432a-ae50-31ead1fef9c6",
    "data": [
      {
        "text": "WHO",
        "userDefined": false
      }
    ],
    "isTemplate": false,
    "count": 0,
    "updated": 0
  },
  {
    "id": "67f6cc4d-0285-47e4-bd16-8ef20b2e86fc",
    "data": [
      {
        "text": "World health organization",
        "userDefined": false
      }
    ],
    "isTemplate": false,
    "count": 0,
    "updated": 0
  },
  {
    "id": "c1ea817e-d4b5-4288-b7eb-c4fc4a33560d",
    "data": [
      {
        "text": "WHO website",
        "userDefined": false
      }
    ],
    "isTemplate": false,
    "count": 0,
    "updated": 0
  },
  {
    "id": "b8d66874-0fd7-4390-9821-c5a2c9149796",
    "data": [
      {
        "text": "I want to know more about corona",
        "userDefined": false
      }
    ],
    "isTemplate": false,
    "count": 0,
    "updated": 0
  },
  {
    "id": "8e296e94-44dc-43a0-8e3f-18403e5f63f9",
    "data": [
      {
        "text": "further reading on corona",
        "userDefined": false
      }
    ],
    "isTemplate": false,
    "count": 0,
    "updated": 0
  },
  {
    "id": "936cce9d-d224-4f99-9403-a5212123f2ab",
    "data": [
      {
        "text": "info on corona",
        "userDefined": false
      }
    ],
    "isTemplate": false,
    "count": 0,
    "updated": 0
  },
  {
    "id": "22bb40b1-4232-4d3a-aaee-114db0e08c0b",
    "data": [
      {
        "text": "information on corona virus",
        "userDefined": false
      }
    ],
    "isTemplate": false,
    "count": 0,
    "updated": 0
  },
  {
    "id": "c68be430-41bf-450a-ae21-13109b9d717f",
    "data": [
      {
        "text": "details about corona",
        "userDefined": false
      }
    ],
    "isTemplate": false,
    "count": 0,
    "updated": 0
  },
  {
    "id": "4481969c-2e56-48ff-9741-61de4a58164e",
    "data": [
      {
        "text": "how can i know more about corona",
        "userDefined": false
      }
    ],
    "isTemplate": false,
    "count": 0,
    "updated": 0
  },
  {
    "id": "797fffcc-5026-4e06-9c54-88b512fffb8d",
    "data": [
      {
        "text": "know more about corona virus",
        "userDefined": false
      }
    ],
    "isTemplate": false,
    "count": 0,
    "updated": 0
  }
]