[
  {
    "id": "4317c135-e628-49e3-bb90-4d1cfdb38894",
    "data": [
      {
        "text": "corona test",
        "userDefined": false
      }
    ],
    "isTemplate": false,
    "count": 0,
    "updated": 0
  },
  {
    "id": "a20be876-0e72-46fa-af9a-14581af15517",
    "data": [
      {
        "text": "can i get tested?",
        "userDefined": false
      }
    ],
    "isTemplate": false,
    "count": 0,
    "updated": 0
  },
  {
    "id": "c599674f-1a5d-43a2-b915-66bbbf91982a",
    "data": [
      {
        "text": "where can i get tested?",
        "userDefined": false
      }
    ],
    "isTemplate": false,
    "count": 0,
    "updated": 0
  },
  {
    "id": "2dc07a52-49f9-45b2-a733-a81b16d044f6",
    "data": [
      {
        "text": "treatment for covid in ",
        "userDefined": false
      },
      {
        "text": "haryana",
        "alias": "indian_states",
        "meta": "@Indian_states",
        "userDefined": false
      }
    ],
    "isTemplate": false,
    "count": 0,
    "updated": 0
  },
  {
    "id": "43ab17bb-08e9-4636-8e81-a35971635cd7",
    "data": [
      {
        "text": "treatment for corona in ",
        "userDefined": false
      },
      {
        "text": "haryana",
        "alias": "indian_states",
        "meta": "@Indian_states",
        "userDefined": false
      }
    ],
    "isTemplate": false,
    "count": 0,
    "updated": 0
  },
  {
    "id": "36d3ec61-5623-4cb9-ac14-3d7a993a1092",
    "data": [
      {
        "text": "hospitals to treat corona patients in ",
        "userDefined": false
      },
      {
        "text": "haryana",
        "alias": "indian_states",
        "meta": "@Indian_states",
        "userDefined": false
      }
    ],
    "isTemplate": false,
    "count": 0,
    "updated": 0
  },
  {
    "id": "6d5dcabb-4c12-4ed5-8bbc-124af4229e0e",
    "data": [
      {
        "text": "which hospital to go to in ",
        "userDefined": false
      },
      {
        "text": "haryana",
        "alias": "indian_states",
        "meta": "@Indian_states",
        "userDefined": false
      }
    ],
    "isTemplate": false,
    "count": 0,
    "updated": 0
  },
  {
    "id": "d3820f0d-d614-49b0-a043-eee1a38ba726",
    "data": [
      {
        "text": "list of hospitals in ",
        "userDefined": false
      },
      {
        "text": "haryana",
        "alias": "indian_states",
        "meta": "@Indian_states",
        "userDefined": false
      }
    ],
    "isTemplate": false,
    "count": 0,
    "updated": 0
  },
  {
    "id": "d12e3855-b6fb-4443-a4ca-f672154bc17c",
    "data": [
      {
        "text": " hospitals in ",
        "userDefined": false
      },
      {
        "text": "haryana",
        "alias": "indian_states",
        "meta": "@Indian_states",
        "userDefined": false
      }
    ],
    "isTemplate": false,
    "count": 1,
    "updated": 0
  },
  {
    "id": "1384496e-a1ac-4edc-8766-caa865836cff",
    "data": [
      {
        "text": "hospitals in ",
        "userDefined": false
      },
      {
        "text": "Haryana",
        "alias": "indian_states",
        "meta": "@Indian_states",
        "userDefined": false
      }
    ],
    "isTemplate": false,
    "count": 0,
    "updated": 0
  }
]