[
  {
    "id": "6d9bdc13-9f91-4eab-b8d3-3b9122ac382e",
    "data": [
      {
        "text": "How to get vaccination against corona virus",
        "userDefined": false
      }
    ],
    "isTemplate": false,
    "count": 0,
    "updated": 0
  },
  {
    "id": "f1665565-488a-42b1-a708-3cc34a8fa0bd",
    "data": [
      {
        "text": "how to cure corona",
        "userDefined": false
      }
    ],
    "isTemplate": false,
    "count": 0,
    "updated": 0
  },
  {
    "id": "c55cb432-7503-4a4a-9672-134d14fef582",
    "data": [
      {
        "text": "what is the cure of corona",
        "userDefined": false
      }
    ],
    "isTemplate": false,
    "count": 0,
    "updated": 0
  },
  {
    "id": "dc5bb668-9015-45f6-9863-947438f963b7",
    "data": [
      {
        "text": "is there a vaccination?",
        "userDefined": false
      }
    ],
    "isTemplate": false,
    "count": 0,
    "updated": 0
  },
  {
    "id": "bb9256e6-60f1-4cdb-b261-f7e4d1824fd0",
    "data": [
      {
        "text": "is there a medicine?",
        "userDefined": false
      }
    ],
    "isTemplate": false,
    "count": 0,
    "updated": 0
  },
  {
    "id": "69891766-4875-44b4-a709-a7b9d5c4bfa8",
    "data": [
      {
        "text": "is there a medicine for corona virus?",
        "userDefined": false
      }
    ],
    "isTemplate": false,
    "count": 0,
    "updated": 0
  }
]