[
  {
    "id": "152f8ed4-0f54-4f75-9601-fda1eb2deffe",
    "data": [
      {
        "text": "preventive masks",
        "userDefined": false
      }
    ],
    "isTemplate": false,
    "count": 0,
    "updated": 0
  },
  {
    "id": "9a4e8f66-6978-4064-8519-a1622aec6c3e",
    "data": [
      {
        "text": "home made mask",
        "userDefined": false
      }
    ],
    "isTemplate": false,
    "count": 0,
    "updated": 0
  },
  {
    "id": "e1f0e1e7-2f7a-4058-9b8a-9a85113fc55f",
    "data": [
      {
        "text": "homemade mask",
        "userDefined": false
      }
    ],
    "isTemplate": false,
    "count": 0,
    "updated": 0
  },
  {
    "id": "c1738fd9-fa9d-4505-9c6c-127b1707a205",
    "data": [
      {
        "text": "how to make mask",
        "userDefined": false
      }
    ],
    "isTemplate": false,
    "count": 0,
    "updated": 0
  },
  {
    "id": "e07c90b7-79e5-4f8c-8f12-7be319740515",
    "data": [
      {
        "text": "how to create mask",
        "userDefined": false
      }
    ],
    "isTemplate": false,
    "count": 0,
    "updated": 0
  },
  {
    "id": "80fab2a6-f112-4f8d-be9b-dc9df049bd0d",
    "data": [
      {
        "text": "what can i do to be safe",
        "userDefined": false
      }
    ],
    "isTemplate": false,
    "count": 0,
    "updated": 0
  },
  {
    "id": "00623555-f340-4405-b8a1-45c609b3f32c",
    "data": [
      {
        "text": "how can i be safe",
        "userDefined": false
      }
    ],
    "isTemplate": false,
    "count": 0,
    "updated": 0
  },
  {
    "id": "17341263-d31f-4e9d-b91c-9c0974eada67",
    "data": [
      {
        "text": "how to be safe",
        "userDefined": false
      }
    ],
    "isTemplate": false,
    "count": 0,
    "updated": 0
  },
  {
    "id": "ba43d17e-9fe3-47ef-a0f5-cad7e5cfab4b",
    "data": [
      {
        "text": "prevention tips",
        "userDefined": false
      }
    ],
    "isTemplate": false,
    "count": 0,
    "updated": 0
  },
  {
    "id": "2a3ee8c8-5b07-4ddc-be03-d5ed5c6e6326",
    "data": [
      {
        "text": "how to prevent",
        "userDefined": false
      }
    ],
    "isTemplate": false,
    "count": 0,
    "updated": 0
  },
  {
    "id": "864ec43d-fe33-4799-82ec-cd610190878e",
    "data": [
      {
        "text": "how to reduce risk of corona virus",
        "userDefined": false
      }
    ],
    "isTemplate": false,
    "count": 0,
    "updated": 0
  },
  {
    "id": "82c82e6c-42f1-4d32-8f61-12057355948f",
    "data": [
      {
        "text": "How to reduce risk of contracting corona virus",
        "userDefined": false
      }
    ],
    "isTemplate": false,
    "count": 0,
    "updated": 0
  }
]