[
  {
    "id": "5c2b1a08-c837-494c-a488-38fd28814e71",
    "data": [
      {
        "text": "how does covid-",
        "userDefined": false
      },
      {
        "text": "19",
        "meta": "@sys.ignore",
        "userDefined": false
      },
      {
        "text": " spread",
        "userDefined": false
      }
    ],
    "isTemplate": false,
    "count": 0,
    "updated": 0
  },
  {
    "id": "2bed9be9-61cd-4d55-afc5-5e882af84f8a",
    "data": [
      {
        "text": "what can cause corona?",
        "userDefined": false
      }
    ],
    "isTemplate": false,
    "count": 0,
    "updated": 0
  },
  {
    "id": "7fcdb0be-cc1b-4037-adb9-4d873c5996cc",
    "data": [
      {
        "text": "how can i get corona?",
        "userDefined": false
      }
    ],
    "isTemplate": false,
    "count": 0,
    "updated": 0
  },
  {
    "id": "dbb1d44f-9bf6-4527-8dd1-c4e8640fcad4",
    "data": [
      {
        "text": "how corona spread?",
        "userDefined": false
      }
    ],
    "isTemplate": false,
    "count": 0,
    "updated": 0
  },
  {
    "id": "2fc660c9-38ce-40be-937a-8969acafee61",
    "data": [
      {
        "text": "how does corona virus spread?",
        "userDefined": false
      }
    ],
    "isTemplate": false,
    "count": 0,
    "updated": 0
  }
]