[
  {
    "id": "01ee6fcc-7c9e-4d53-a2e3-0531d798529d",
    "data": [
      {
        "text": "can i have corona?",
        "userDefined": false
      }
    ],
    "isTemplate": false,
    "count": 0,
    "updated": 0
  },
  {
    "id": "6159d59e-cf66-4a55-8021-170bcb0bdbfa",
    "data": [
      {
        "text": "do i have corona?",
        "userDefined": false
      }
    ],
    "isTemplate": false,
    "count": 0,
    "updated": 0
  },
  {
    "id": "3098a0cd-8cd7-47a7-9b53-2d242a3c6a35",
    "data": [
      {
        "text": "how to know i have corona",
        "userDefined": false
      }
    ],
    "isTemplate": false,
    "count": 0,
    "updated": 0
  },
  {
    "id": "3145413b-d40d-440e-8fee-f42dd5ecf979",
    "data": [
      {
        "text": "how can i know i have corona",
        "userDefined": false
      }
    ],
    "isTemplate": false,
    "count": 0,
    "updated": 0
  },
  {
    "id": "afb0cca3-bca9-4dc1-8eb2-a325c18e1ba6",
    "data": [
      {
        "text": "what are the symptoms of corona",
        "userDefined": false
      }
    ],
    "isTemplate": false,
    "count": 0,
    "updated": 0
  },
  {
    "id": "afd4c03d-524b-425b-a837-286484f186c5",
    "data": [
      {
        "text": "common symptoms of corona",
        "userDefined": false
      }
    ],
    "isTemplate": false,
    "count": 0,
    "updated": 0
  },
  {
    "id": "9fcc30cb-844c-4e28-8755-8292e8f5c2ff",
    "data": [
      {
        "text": "symptoms of corona",
        "userDefined": false
      }
    ],
    "isTemplate": false,
    "count": 0,
    "updated": 0
  },
  {
    "id": "7cf417ce-f5c5-4107-b14a-c1f0d19240d6",
    "data": [
      {
        "text": "what are symptoms of covid",
        "userDefined": false
      }
    ],
    "isTemplate": false,
    "count": 0,
    "updated": 0
  },
  {
    "id": "874358d0-11ea-48bf-a6ce-44a12b8d11e5",
    "data": [
      {
        "text": "what are the symptoms of corona virus",
        "userDefined": false
      }
    ],
    "isTemplate": false,
    "count": 0,
    "updated": 0
  }
]