[
  {
    "id": "aeb99663-3849-48f3-9b7b-81caba17c2b9",
    "data": [
      {
        "text": "what do you know about corona",
        "userDefined": false
      }
    ],
    "isTemplate": false,
    "count": 0,
    "updated": 0
  },
  {
    "id": "e7d4a22f-f8b0-45ed-885e-ff33bc51e683",
    "data": [
      {
        "text": "do you know about corona",
        "userDefined": false
      }
    ],
    "isTemplate": false,
    "count": 0,
    "updated": 0
  },
  {
    "id": "1ae702e4-ee80-4300-a93b-6da10e1b7e05",
    "data": [
      {
        "text": "tell me about chinese virus",
        "userDefined": false
      }
    ],
    "isTemplate": false,
    "count": 0,
    "updated": 0
  },
  {
    "id": "91db745d-946b-4655-803a-67852f26db3b",
    "data": [
      {
        "text": "what is covid-19",
        "userDefined": false
      }
    ],
    "isTemplate": false,
    "count": 0,
    "updated": 0
  },
  {
    "id": "98020855-111f-426e-9013-3991d0bb350f",
    "data": [
      {
        "text": "what is covid",
        "userDefined": false
      }
    ],
    "isTemplate": false,
    "count": 0,
    "updated": 0
  },
  {
    "id": "20583ce9-2ee5-4603-bacf-e48f556e6f87",
    "data": [
      {
        "text": "what is covid19",
        "userDefined": false
      }
    ],
    "isTemplate": false,
    "count": 0,
    "updated": 0
  },
  {
    "id": "e7217dff-3294-47bd-84ba-278b26fd7355",
    "data": [
      {
        "text": "tell me about corona",
        "userDefined": false
      }
    ],
    "isTemplate": false,
    "count": 0,
    "updated": 0
  },
  {
    "id": "10039579-2bdd-44b9-aaf0-429b21730612",
    "data": [
      {
        "text": "what is corona",
        "userDefined": false
      }
    ],
    "isTemplate": false,
    "count": 0,
    "updated": 0
  },
  {
    "id": "eb749016-67ab-490a-9321-3b4f7b7e50ab",
    "data": [
      {
        "text": "What is corona virus?",
        "userDefined": false
      }
    ],
    "isTemplate": false,
    "count": 0,
    "updated": 0
  }
]